{"cameraMode":{"drawMode":0,"name":"Shaded","section":"Shading Mode"},"sceneLighting":true,"audioPlay":false,"sceneViewState":{"showFog":false,"showMaterialUpdate":false,"showSkybox":true,"showFlares":false,"showImageEffects":false,"showParticleSystems":false},"in2DMode":false,"pivot":{"x":0.3765597343444824,"y":0.4838332235813141,"z":-18.317951202392579},"rotation":{"x":0.015595927834510804,"y":-0.9831112623214722,"z":0.10093376785516739,"w":0.15189522504806519},"size":7.5430498123168949,"orthographic":false}